trial,problem,random_avg_coverage,random_failures,random_n_tests,ga_avg_coverage,ga_failures,ga_n_tests
1,median_two_arrays,31.69459962756054,91,250,27.67111111111111,202,250
2,median_two_arrays,30.862818125387964,87,250,24.41777777777778,226,250
3,median_two_arrays,30.6257982120051,96,250,22.595555555555556,232,250
4,median_two_arrays,30.57680631451125,85,250,27.448888888888895,208,250
5,median_two_arrays,29.73099415204681,89,250,28.595555555555553,205,250
