trial,problem,random_avg_coverage,random_failures,random_n_tests,ga_avg_coverage,ga_failures,ga_n_tests
1,reverse_pairs,46.13846153846153,73,250,51.92307692307696,42,250
2,reverse_pairs,46.7692307692307,72,250,51.92307692307696,42,250
3,reverse_pairs,45.961538461538424,69,250,51.92307692307696,45,250
4,reverse_pairs,45.61538461538459,65,250,51.92307692307696,45,250
5,reverse_pairs,44.353846153846135,70,250,51.92307692307696,37,250
